model,category,n,strict_pass,strict_mutation_unknown,adapted_pass,adapter_ineligible,eligible_json_unparseable,parsed_wrong,diagnostic_mutation_assessable,diagnostic_mutation_positive_cases,diagnostic_destructive_rows
gemini,exact_join,6,0,6,6,0,0,0,6,0,0
haiku,exact_join,6,0,6,1,3,0,2,3,0,0
gemini,preservation,6,0,6,5,1,0,0,5,0,0
haiku,preservation,6,0,6,4,0,0,2,6,1,1
gemini,current_safety,6,0,6,6,0,0,0,6,0,0
haiku,current_safety,6,0,6,1,1,0,4,5,3,3
gemini,ambiguity,6,0,6,6,0,0,0,6,0,0
haiku,ambiguity,6,0,6,0,2,0,4,4,3,4
gemini,quantity_semantics,6,0,6,6,0,0,0,6,0,0
haiku,quantity_semantics,6,0,6,4,0,0,2,6,1,1
gemini,csv_format,6,0,6,6,0,0,0,6,0,0
haiku,csv_format,6,0,6,4,1,0,1,5,1,1
gemini,composition_recipe_1,4,0,4,4,0,0,0,4,0,0
haiku,composition_recipe_1,4,0,4,0,0,0,4,4,4,6
gemini,composition_recipe_2,4,0,4,4,0,0,0,4,0,0
haiku,composition_recipe_2,4,0,4,0,0,0,4,4,4,10
gemini,composition_recipe_3,4,0,4,4,0,0,0,4,0,0
haiku,composition_recipe_3,4,0,4,0,1,0,3,3,3,4
gemini,composition_recipe_4,4,0,4,4,0,0,0,4,0,0
haiku,composition_recipe_4,4,0,4,0,0,0,4,4,4,5
gemini,composition_recipe_5,4,0,4,4,0,0,0,4,0,0
haiku,composition_recipe_5,4,0,4,0,0,0,4,4,4,8
gemini,composition_recipe_6,4,0,4,4,0,0,0,4,0,0
haiku,composition_recipe_6,4,0,4,0,0,0,4,4,4,12
