model,tag,case_count
gemini,changed_candidate_headers,0
gemini,emitted_blocked_source_row,0
gemini,false_fatal_error,0
gemini,incorrect_issue_report,0
gemini,incorrect_target_for_eligible_row,0
gemini,integer_emitted_despite_invalid_count,0
gemini,interior_bom_replaced_with_bidi_control,0
gemini,invalid_emitted_target,0
gemini,missed_fatal_error,0
gemini,null_candidate_instead_of_csv,0
gemini,omitted_eligible_source_row,0
gemini,protected_cell_change,0
gemini,protected_string_value_change,0
gemini,row_order_only_candidate_mismatch,0
gemini,unicode_nfc_normalization,0
haiku,changed_candidate_headers,1
haiku,emitted_blocked_source_row,31
haiku,false_fatal_error,3
haiku,incorrect_issue_report,33
haiku,incorrect_target_for_eligible_row,0
haiku,integer_emitted_despite_invalid_count,3
haiku,interior_bom_replaced_with_bidi_control,1
haiku,invalid_emitted_target,2
haiku,missed_fatal_error,1
haiku,null_candidate_instead_of_csv,4
haiku,omitted_eligible_source_row,12
haiku,protected_cell_change,8
haiku,protected_string_value_change,7
haiku,row_order_only_candidate_mismatch,1
haiku,unicode_nfc_normalization,7
